area,session,object,event,obs_auc_pre,obs_auc_post,obs_delta_auc,p_pre,p_post,p_delta,n_shuffle,pre_bin_start,pre_bin_stop_exclusive,post_bin_start,post_bin_stop_exclusive,null_pre_mean,null_pre_ci95_low,null_pre_ci95_high,null_post_mean,null_post_ci95_low,null_post_ci95_high,null_delta_mean,null_delta_ci95_low,null_delta_ci95_high
AIP,MonkeyA_Session01,Object1,Event1,0.4033333333333332,0.4783333333333333,0.075,0.7712287712287712,0.5584415584415584,0.3306693306693307,1000,0,10,10,50,0.5068666666666667,0.24,0.7933333333333334,0.49395,0.2265833333333333,0.7534166666666666,-0.0129166666666666,-0.4135833333333333,0.3434583333333331
AIP,MonkeyA_Session01,Object1,Event3,0.52,0.2866666666666666,-0.2333333333333334,0.4215784215784215,0.934065934065934,0.8891108891108891,1000,0,40,40,70,0.4924766666666667,0.22,0.7783749999999999,0.495345,0.231625,0.7467499999999999,0.0028683333333333,-0.3683333333333332,0.3867083333333334
AIP,MonkeyA_Session01,Object2,Event1,0.615,0.6183333333333333,0.0033333333333332,0.1938061938061938,0.2037962037962038,0.4825174825174825,1000,0,10,10,50,0.5014933333333333,0.25,0.7733749999999999,0.4994033333333333,0.2366666666666667,0.7783333333333333,-0.0020899999999999,-0.39,0.3517083333333334
AIP,MonkeyA_Session01,Object2,Event3,0.8483333333333333,0.5933333333333334,-0.2549999999999999,0.0039960039960039,0.2487512487512487,0.8991008991008991,1000,0,40,40,70,0.4968849999999999,0.2549583333333333,0.7667083333333332,0.4917866666666666,0.2282916666666667,0.7584166666666666,-0.0050983333333333,-0.3999999999999998,0.378375
AIP,MonkeyA_Session01,Object3,Event1,0.4033333333333334,0.6366666666666666,0.2333333333333332,0.7452547452547452,0.1798201798201798,0.1098901098901098,1000,0,10,10,50,0.5021333333333334,0.2499166666666666,0.7933333333333333,0.4996683333333332,0.22325,0.7816666666666666,-0.0024649999999999,-0.373375,0.4151249999999998
AIP,MonkeyA_Session01,Object3,Event3,0.3333333333333332,0.3366666666666666,0.0033333333333334,0.8681318681318682,0.8871128871128872,0.4795204795204795,1000,0,40,40,70,0.5018400000000001,0.2233333333333333,0.8,0.5008050000000001,0.2282916666666667,0.7567499999999999,-0.001035,-0.3583333333333334,0.3466666666666666
AIP,MonkeyA_Session02,Object1,Event1,0.5933333333333334,0.3283333333333333,-0.265,0.2617382617382617,0.8821178821178821,0.922077922077922,1000,0,10,10,50,0.5056616666666667,0.2516666666666667,0.7550416666666666,0.4970616666666667,0.2165,0.775,-0.0085999999999999,-0.37725,0.373458333333333
AIP,MonkeyA_Session02,Object1,Event3,0.4033333333333332,0.8933333333333333,0.49,0.7782217782217782,0.0009990009990009,0.0019980019980019,1000,0,40,40,70,0.5046216666666666,0.2615833333333333,0.758375,0.49223,0.2233333333333333,0.7467083333333333,-0.0123916666666666,-0.3483750000000001,0.313375
AIP,MonkeyA_Session02,Object2,Event1,0.5716666666666667,0.6683333333333334,0.0966666666666667,0.2857142857142857,0.1058941058941058,0.3126873126873127,1000,0,10,10,50,0.4947966666666666,0.2399583333333333,0.7400416666666667,0.4989733333333334,0.24,0.7550416666666666,0.0041766666666666,-0.325,0.3284583333333332
AIP,MonkeyA_Session02,Object2,Event3,0.36833333333333335,0.9733333333333334,0.605,0.810379241516966,0.001996007984031936,0.001996007984031936,500,0,40,40,70,0.4887166666666667,0.23158333333333334,0.7525416666666667,0.47648666666666667,0.22316666666666668,0.7225416666666666,-0.012229999999999996,-0.33929166666666666,0.3285833333333331
AIP,MonkeyA_Session02,Object3,Event1,0.6466666666666667,0.4033333333333334,-0.24333333333333335,0.1596806387225549,0.7704590818363274,0.9421157684630739,500,0,10,10,50,0.5039233333333333,0.24070833333333333,0.7792083333333333,0.5089533333333334,0.2499166666666667,0.7677916666666664,0.0050300000000000015,-0.28,0.27754166666666646
AIP,MonkeyA_Session02,Object3,Event3,0.615,0.7266666666666666,0.11166666666666658,0.2055888223552894,0.05189620758483034,0.30538922155688625,500,0,40,40,70,0.49245333333333324,0.21991666666666668,0.7904999999999994,0.5032333333333333,0.26079166666666664,0.7742916666666666,0.01078,-0.33095833333333335,0.3492083333333333
AIP,MonkeyB_Session01,Object1,Event1,0.6483333333333333,0.31000000000000005,-0.33833333333333326,0.1536926147704591,0.8982035928143712,0.9500998003992016,500,0,10,10,50,0.50063,0.26,0.7610416666666665,0.4983666666666667,0.24245833333333333,0.7792083333333333,-0.002263333333333331,-0.3750833333333333,0.375875
AIP,MonkeyB_Session01,Object1,Event3,0.43,0.7766666666666667,0.34666666666666673,0.7025948103792415,0.021956087824351298,0.033932135728542916,500,0,40,40,70,0.5058733333333333,0.23475,0.7901666666666665,0.49965000000000004,0.2315,0.7667499999999999,-0.006223333333333329,-0.3927916666666666,0.36666666666666664
AIP,MonkeyB_Session01,Object2,Event1,0.43,0.245,-0.185,0.6946107784431138,0.9780439121756487,0.8383233532934131,500,0,10,10,50,0.49844000000000005,0.2240416666666667,0.7700833333333332,0.50899,0.25991666666666663,0.7842916666666665,0.010550000000000007,-0.35762499999999997,0.4142916666666665
AIP,MonkeyB_Session01,Object2,Event3,0.6916666666666668,0.94,0.24833333333333318,0.07784431137724551,0.001996007984031936,0.11776447105788423,500,0,40,40,70,0.5014433333333334,0.228875,0.7467499999999999,0.49038666666666664,0.21079166666666665,0.8044583333333329,-0.011056666666666671,-0.42016666666666674,0.3966666666666666
AIP,MonkeyB_Session01,Object3,Event1,0.29333333333333333,0.67,0.3766666666666667,0.9121756487025948,0.1317365269461078,0.02594810379241517,500,0,10,10,50,0.4980966666666667,0.234125,0.8051666666666665,0.48665,0.21975,0.7668333333333331,-0.011446666666666666,-0.38279166666666653,0.3642916666666666
AIP,MonkeyB_Session01,Object3,Event3,0.285,0.825,0.54,0.9341317365269461,0.003992015968063872,0.001996007984031936,500,0,40,40,70,0.48904999999999993,0.24333333333333332,0.735875,0.5012800000000001,0.23070833333333332,0.7633333333333333,0.012229999999999994,-0.3801666666666666,0.3821666666666663
AIP,MonkeyB_Session02,Object1,Event1,0.37499999999999994,0.56,0.1850000000000001,0.8163672654690619,0.3413173652694611,0.16966067864271456,500,0,10,10,50,0.5068866666666667,0.21079166666666665,0.7750833333333332,0.49047666666666667,0.20745833333333333,0.757625,-0.01641,-0.40920833333333345,0.38508333333333333
AIP,MonkeyB_Session02,Object1,Event3,0.6383333333333333,0.7316666666666666,0.09333333333333327,0.17964071856287425,0.033932135728542916,0.32335329341317365,500,0,40,40,70,0.49257000000000006,0.225,0.7650833333333332,0.49397,0.199125,0.7595416666666663,0.0013999999999999954,-0.36333333333333334,0.36595833333333316
AIP,MonkeyB_Session02,Object2,Event1,0.6583333333333333,0.4633333333333334,-0.19499999999999995,0.1497005988023952,0.6207584830339321,0.844311377245509,500,0,10,10,50,0.5035966666666667,0.21825,0.7542916666666665,0.5130633333333333,0.23395833333333338,0.7976249999999998,0.009466666666666661,-0.3459583333333333,0.3901666666666664
AIP,MonkeyB_Session02,Object2,Event3,0.66,0.8583333333333334,0.19833333333333336,0.1277445109780439,0.00998003992015968,0.1936127744510978,500,0,40,40,70,0.49604666666666664,0.21245833333333333,0.7992083333333333,0.5138333333333333,0.21833333333333332,0.8135833333333331,0.01778666666666667,-0.4111250000000001,0.4355833333333326
AIP,MonkeyB_Session02,Object3,Event1,0.7600000000000001,0.315,-0.4450000000000001,0.021956087824351298,0.8662674650698603,0.9920159680638723,500,0,10,10,50,0.49690999999999996,0.22579166666666667,0.7526249999999999,0.49411,0.19912500000000002,0.7750000000000001,-0.0027999999999999935,-0.39341666666666664,0.4216666666666667
AIP,MonkeyB_Session02,Object3,Event3,0.7583333333333333,0.8333333333333333,0.07499999999999996,0.041916167664670656,0.007984031936127744,0.3473053892215569,500,0,40,40,70,0.4967,0.20133333333333334,0.8050000000000002,0.49801999999999996,0.21570833333333336,0.7667499999999999,0.0013199999999999887,-0.3650833333333335,0.37366666666666637
F5,MonkeyB_Session01,Object1,Event1,0.44222222222222224,0.671111111111111,0.22888888888888875,0.7345309381237525,0.09780439121756487,0.07784431137724551,500,0,10,10,50,0.5147777777777778,0.2644444444444445,0.7389444444444444,0.5021733333333334,0.2622222222222222,0.7367222222222222,-0.012604444444444444,-0.3389444444444444,0.3345
F5,MonkeyB_Session01,Object1,Event3,0.7888888888888889,0.8933333333333334,0.10444444444444456,0.017964071856287425,0.001996007984031936,0.2774451097804391,500,0,40,40,70,0.49068888888888884,0.24316666666666667,0.7589444444444444,0.4872888888888889,0.21100000000000002,0.7111111111111112,-0.0034000000000000007,-0.32455555555555554,0.30666666666666664
F5,MonkeyB_Session01,Object2,Event1,0.3344444444444445,0.6666666666666667,0.33222222222222225,0.8822355289421158,0.11776447105788423,0.043912175648702596,500,0,10,10,50,0.49946888888888896,0.24275,0.7445555555555554,0.5152977777777779,0.26211111111111113,0.7377777777777779,0.01582888888888889,-0.3530277777777777,0.3734444444444444
F5,MonkeyB_Session01,Object2,Event3,0.66,0.8444444444444444,0.1844444444444444,0.11177644710578842,0.001996007984031936,0.1596806387225549,500,0,40,40,70,0.5028933333333334,0.23333333333333334,0.7467777777777777,0.5010177777777778,0.2253888888888889,0.7489999999999999,-0.0018755555555555583,-0.33005555555555555,0.3411666666666667
F5,MonkeyB_Session01,Object3,Event1,0.5066666666666666,0.4311111111111112,-0.07555555555555538,0.47105788423153694,0.6706586826347305,0.6606786427145709,500,0,10,10,50,0.4942955555555556,0.2575555555555556,0.7533333333333333,0.49426222222222227,0.24550000000000002,0.7466666666666668,-3.3333333333328775e-05,-0.3644444444444444,0.3693333333333329
F5,MonkeyB_Session01,Object3,Event3,0.8511111111111112,0.888888888888889,0.0377777777777778,0.007984031936127744,0.001996007984031936,0.3872255489021956,500,0,40,40,70,0.5053555555555556,0.23322222222222225,0.7573888888888883,0.49161333333333335,0.2554444444444445,0.7377777777777779,-0.013742222222222222,-0.3755555555555555,0.3491111111111109
F5,MonkeyB_Session02,Object1,Event1,0.6555555555555557,0.5311111111111111,-0.12444444444444458,0.1377245508982036,0.4550898203592814,0.7624750499001997,500,0,10,10,50,0.49888888888888894,0.24444444444444446,0.7366666666666667,0.5048711111111112,0.24666666666666667,0.7433888888888889,0.0059822222222222195,-0.30899999999999994,0.3433888888888889
F5,MonkeyB_Session02,Object1,Event3,0.5355555555555555,0.9711111111111111,0.4355555555555557,0.42115768463073855,0.001996007984031936,0.007984031936127744,500,0,40,40,70,0.4996555555555556,0.21977777777777782,0.7389444444444443,0.4958044444444445,0.23311111111111113,0.7522777777777777,-0.0038511111111111094,-0.35450000000000004,0.32794444444444426
F5,MonkeyB_Session02,Object2,Event1,0.5933333333333334,0.31555555555555553,-0.27777777777777785,0.249500998003992,0.8822355289421158,0.936127744510978,500,0,10,10,50,0.4891466666666667,0.2333333333333333,0.7316944444444445,0.4927266666666667,0.23777777777777775,0.754611111111111,0.0035800000000000064,-0.3636111111111111,0.36741666666666645
F5,MonkeyB_Session02,Object2,Event3,0.668888888888889,0.8844444444444446,0.2155555555555556,0.10778443113772455,0.001996007984031936,0.08383233532934131,500,0,40,40,70,0.5133466666666667,0.26666666666666666,0.7344999999999999,0.5070177777777778,0.2453888888888889,0.7556666666666665,-0.006328888888888891,-0.2968333333333333,0.2981111111111109
F5,MonkeyB_Session02,Object3,Event1,0.21333333333333335,0.4022222222222222,0.18888888888888886,0.9840319361277445,0.7504990019960079,0.17564870259481039,500,0,10,10,50,0.4853066666666667,0.22491666666666668,0.7195277777777778,0.5025822222222223,0.2533333333333333,0.7411666666666666,0.017275555555555554,-0.33947222222222223,0.37174999999999997
F5,MonkeyB_Session02,Object3,Event3,0.6633333333333334,1.0,0.33666666666666656,0.11377245508982035,0.001996007984031936,0.033932135728542916,500,0,40,40,70,0.5064533333333334,0.2516388888888889,0.7455555555555555,0.48563111111111107,0.23936111111111114,0.728472222222222,-0.02082222222222221,-0.37894444444444436,0.3505833333333334
F5,MonkeyB_Session03,Object1,Event1,0.5911111111111113,0.5622222222222223,-0.028888888888888964,0.2774451097804391,0.35129740518962077,0.5768463073852296,500,0,10,10,50,0.5030711111111111,0.22666666666666668,0.7556666666666667,0.5034177777777777,0.22994444444444445,0.7567222222222221,0.00034666666666667025,-0.3311111111111112,0.30899999999999994
F5,MonkeyB_Session03,Object1,Event3,0.38666666666666666,0.4444444444444445,0.05777777777777782,0.7924151696606786,0.6606786427145709,0.35528942115768464,500,0,40,40,70,0.4998311111111111,0.23661111111111113,0.7390555555555555,0.49651999999999996,0.26772222222222225,0.7436111111111109,-0.0033111111111111115,-0.2989444444444445,0.2933333333333334
F5,MonkeyB_Session03,Object2,Event1,0.7711111111111112,0.5866666666666667,-0.18444444444444452,0.023952095808383235,0.2954091816367265,0.8682634730538922,500,0,10,10,50,0.49287111111111115,0.23555555555555557,0.7555555555555556,0.49827999999999995,0.21216666666666667,0.7567222222222221,0.005408888888888887,-0.3112222222222223,0.34222222222222226
F5,MonkeyB_Session03,Object2,Event3,0.5533333333333335,0.6622222222222222,0.1088888888888887,0.3213572854291417,0.11776447105788423,0.2275449101796407,500,0,40,40,70,0.49172444444444446,0.22655555555555557,0.7636111111111108,0.4905777777777778,0.2421111111111111,0.760222222222222,-0.0011466666666666648,-0.28444444444444456,0.3145
F5,MonkeyB_Session03,Object3,Event1,0.5422222222222222,0.3622222222222222,-0.17999999999999994,0.40119760479041916,0.8243512974051896,0.8343313373253493,500,0,10,10,50,0.5012088888888889,0.2422222222222222,0.7577777777777778,0.4900666666666667,0.23555555555555557,0.7411666666666666,-0.011142222222222222,-0.34911111111111104,0.32116666666666677
F5,MonkeyB_Session03,Object3,Event3,0.41333333333333333,0.42888888888888893,0.0155555555555556,0.7045908183632734,0.688622754491018,0.46506986027944114,500,0,40,40,70,0.48714222222222225,0.2222222222222222,0.7278333333333332,0.49328444444444447,0.23205555555555557,0.7613888888888886,0.006142222222222224,-0.30666666666666664,0.3057222222222221
F5,MonkeyB_Session04,Object1,Event1,0.3533333333333333,0.5266666666666667,0.17333333333333345,0.872255489021956,0.405189620758483,0.1656686626746507,500,0,10,10,50,0.5013866666666668,0.2429444444444445,0.7511111111111113,0.5000888888888888,0.27544444444444444,0.7478333333333332,-0.0012977777777777807,-0.3611666666666667,0.35227777777777775
F5,MonkeyB_Session04,Object1,Event3,0.6377777777777778,0.9044444444444444,0.2666666666666666,0.12574850299401197,0.001996007984031936,0.05189620758483034,500,0,40,40,70,0.49852,0.2541666666666667,0.7112222222222221,0.5006133333333334,0.2644444444444445,0.7344999999999999,0.0020933333333333286,-0.32138888888888884,0.31227777777777777
F5,MonkeyB_Session04,Object2,Event1,0.4755555555555556,0.4711111111111112,-0.0044444444444444176,0.5728542914171657,0.5848303393213573,0.5089820359281437,500,0,10,10,50,0.49743111111111116,0.23661111111111113,0.7322777777777777,0.4978666666666667,0.24444444444444446,0.7501666666666665,0.0004355555555555584,-0.33927777777777773,0.3482777777777774
F5,MonkeyB_Session04,Object2,Event3,0.5133333333333333,0.8066666666666665,0.2933333333333332,0.47704590818363274,0.011976047904191617,0.041916167664670656,500,0,40,40,70,0.5056577777777779,0.2554444444444444,0.7479444444444441,0.5019333333333333,0.23555555555555557,0.7504999999999995,-0.003724444444444436,-0.3355555555555556,0.32361111111111074
F5,MonkeyB_Session04,Object3,Event1,0.6866666666666668,0.4044444444444445,-0.28222222222222226,0.09381237524950099,0.7245508982035929,0.9221556886227545,500,0,10,10,50,0.49961333333333335,0.2288888888888889,0.7578888888888888,0.4884044444444445,0.23555555555555557,0.731111111111111,-0.011208888888888885,-0.3700555555555556,0.3492222222222218
F5,MonkeyB_Session04,Object3,Event3,0.7,0.8111111111111113,0.11111111111111138,0.04590818363273453,0.005988023952095809,0.26147704590818366,500,0,40,40,70,0.49045777777777777,0.24772222222222223,0.7279444444444443,0.49217333333333335,0.2210555555555556,0.7556666666666667,0.0017155555555555635,-0.32011111111111107,0.334944444444444
F5,MonkeyB_Session06,Object1,Event1,0.54,0.6555555555555556,0.11555555555555552,0.36926147704590817,0.12375249500998003,0.26147704590818366,500,0,10,10,50,0.4936933333333333,0.2531111111111111,0.7567222222222222,0.49975555555555556,0.23883333333333337,0.7646666666666665,0.006062222222222218,-0.32688888888888895,0.34338888888888885
F5,MonkeyB_Session06,Object1,Event3,0.5,0.9955555555555554,0.4955555555555554,0.49101796407185627,0.001996007984031936,0.005988023952095809,500,0,40,40,70,0.49071111111111115,0.21438888888888893,0.7356666666666666,0.49566666666666676,0.22655555555555557,0.7433888888888889,0.004955555555555563,-0.3011666666666666,0.3025555555555553
F5,MonkeyB_Session06,Object2,Event1,0.5977777777777777,0.20222222222222222,-0.39555555555555555,0.25349301397205587,0.9960079840319361,0.9840319361277445,500,0,10,10,50,0.49802222222222226,0.2507777777777778,0.7488888888888888,0.5031066666666667,0.25555555555555554,0.7355555555555555,0.005084444444444448,-0.35905555555555546,0.3602222222222221
F5,MonkeyB_Session06,Object2,Event3,0.548888888888889,0.9311111111111111,0.38222222222222213,0.34930139720558884,0.001996007984031936,0.01996007984031936,500,0,40,40,70,0.4930577777777778,0.25977777777777783,0.749222222222222,0.50152,0.21883333333333335,0.7501666666666665,0.00846222222222223,-0.3696666666666667,0.3614999999999997
F5,MonkeyB_Session06,Object3,Event1,0.3644444444444444,0.38222222222222224,0.017777777777777837,0.8303393213572854,0.810379241516966,0.499001996007984,500,0,10,10,50,0.4902022222222222,0.25380555555555556,0.7495833333333332,0.49555555555555564,0.23088888888888892,0.7288888888888888,0.005353333333333333,-0.319,0.3241944444444442
F5,MonkeyB_Session06,Object3,Event3,0.5444444444444445,0.7955555555555556,0.25111111111111106,0.35728542914171657,0.00998003992015968,0.0718562874251497,500,0,40,40,70,0.4929511111111111,0.24000000000000005,0.7323888888888888,0.4870533333333334,0.22222222222222224,0.7189444444444444,-0.005897777777777783,-0.34127777777777785,0.35049999999999953
F5,MonkeyB_Session07,Object1,Event1,0.6511111111111112,0.44666666666666677,-0.20444444444444443,0.1437125748502994,0.7045908183632734,0.8562874251497006,500,0,10,10,50,0.5083666666666667,0.24586111111111114,0.7400000000000001,0.5079022222222223,0.24000000000000002,0.7313333333333332,-0.00046444444444444376,-0.3603333333333333,0.3567222222222222
F5,MonkeyB_Session07,Object1,Event3,0.6977777777777777,0.9422222222222223,0.24444444444444458,0.07584830339321358,0.001996007984031936,0.08183632734530938,500,0,40,40,70,0.4995155555555556,0.23216666666666672,0.7411666666666665,0.5002177777777778,0.25555555555555554,0.7546111111111109,0.0007022222222222207,-0.3389444444444445,0.3201111111111109
F5,MonkeyB_Session07,Object2,Event1,0.768888888888889,0.2733333333333333,-0.49555555555555564,0.02594810379241517,0.9520958083832335,0.9960079840319361,500,0,10,10,50,0.5046933333333333,0.23522222222222225,0.7666666666666667,0.4930711111111111,0.22994444444444445,0.7334444444444443,-0.011622222222222216,-0.3423333333333333,0.3602222222222221
F5,MonkeyB_Session07,Object2,Event3,0.3244444444444445,0.8711111111111112,0.5466666666666666,0.9021956087824351,0.001996007984031936,0.001996007984031936,500,0,40,40,70,0.5128711111111112,0.23661111111111113,0.7480555555555554,0.49599111111111116,0.23194444444444448,0.7556666666666665,-0.016879999999999996,-0.38350000000000006,0.38677777777777766
F5,MonkeyB_Session07,Object3,Event1,0.3911111111111111,0.6755555555555556,0.2844444444444445,0.7784431137724551,0.08183632734530938,0.06187624750499002,500,0,10,10,50,0.49941555555555556,0.2516388888888889,0.7333888888888886,0.4909200000000001,0.21872222222222226,0.7568333333333331,-0.008495555555555557,-0.39725,0.35308333333333297
F5,MonkeyB_Session07,Object3,Event3,0.44444444444444436,0.72,0.2755555555555556,0.6367265469061876,0.05788423153692615,0.08582834331337326,500,0,40,40,70,0.49117333333333335,0.25438888888888894,0.7478333333333332,0.50358,0.2277222222222223,0.7577777777777778,0.012406666666666665,-0.3463055555555556,0.3758888888888886
F5,MonkeyB_Session08,Object1,Event1,0.4688888888888889,0.508888888888889,0.040000000000000036,0.592814371257485,0.4491017964071856,0.3772455089820359,500,0,10,10,50,0.5017244444444444,0.24983333333333335,0.7811666666666667,0.48736000000000007,0.22,0.7223333333333333,-0.01436444444444445,-0.3233888888888889,0.280111111111111
F5,MonkeyB_Session08,Object1,Event3,0.5622222222222222,0.44888888888888895,-0.11333333333333323,0.3013972055888224,0.6467065868263473,0.7844311377245509,500,0,40,40,70,0.49630222222222226,0.26761111111111113,0.7433888888888889,0.4998044444444445,0.2521666666666667,0.7468888888888886,0.003502222222222222,-0.2867777777777779,0.3100555555555556
F5,MonkeyB_Session08,Object2,Event1,0.2733333333333334,0.5,0.22666666666666663,0.9540918163672655,0.4930139720558882,0.0998003992015968,500,0,10,10,50,0.4933955555555556,0.24222222222222226,0.7287499999999997,0.4990488888888889,0.2549166666666666,0.7456111111111111,0.005653333333333332,-0.3016944444444443,0.36836111111111114
F5,MonkeyB_Session08,Object2,Event3,0.6955555555555556,0.36444444444444435,-0.33111111111111124,0.05189620758483034,0.8163672654690619,0.9800399201596807,500,0,40,40,70,0.49682222222222233,0.24222222222222226,0.7368333333333331,0.5015822222222223,0.24105555555555555,0.7757777777777778,0.0047599999999999995,-0.3155555555555556,0.3545
F5,MonkeyB_Session08,Object3,Event1,0.5733333333333334,0.508888888888889,-0.06444444444444442,0.3393213572854291,0.5129740518962076,0.6167664670658682,500,0,10,10,50,0.5070977777777778,0.26211111111111113,0.7522777777777776,0.49753777777777775,0.23088888888888892,0.734611111111111,-0.009560000000000003,-0.3722777777777778,0.31894444444444436
F5,MonkeyB_Session08,Object3,Event3,0.6288888888888888,0.76,0.13111111111111118,0.1996007984031936,0.013972055888223553,0.22954091816367264,500,0,40,40,70,0.5112577777777777,0.25883333333333336,0.7645555555555555,0.49875555555555556,0.23661111111111113,0.7411666666666665,-0.012502222222222218,-0.3581111111111111,0.3624444444444443
F5,MonkeyB_Session10,Object1,Event1,0.61,0.5755555555555555,-0.0344444444444445,0.2055888223552894,0.3013972055888224,0.5808383233532934,500,0,10,10,50,0.49765111111111116,0.24327777777777781,0.743388888888889,0.5054955555555556,0.22872222222222227,0.7674166666666665,0.00784444444444444,-0.3390555555555555,0.36122222222222206
F5,MonkeyB_Session10,Object1,Event3,0.37666666666666665,0.8811111111111112,0.5044444444444445,0.8063872255489022,0.001996007984031936,0.001996007984031936,500,0,40,40,70,0.4927177777777778,0.21269444444444444,0.7351944444444444,0.49884,0.2371388888888889,0.7716944444444445,0.006122222222222223,-0.3150277777777778,0.32344444444444437
F5,MonkeyB_Session10,Object2,Event1,0.4777777777777778,0.42888888888888893,-0.04888888888888887,0.562874251497006,0.6826347305389222,0.5748502994011976,500,0,10,10,50,0.5013622222222223,0.2287777777777778,0.75725,0.49168,0.21830555555555556,0.7656666666666665,-0.009682222222222226,-0.35666666666666674,0.3306388888888888
F5,MonkeyB_Session10,Object2,Event3,0.5077777777777778,0.8755555555555555,0.36777777777777776,0.47305389221556887,0.005988023952095809,0.015968063872255488,500,0,40,40,70,0.49792888888888887,0.22772222222222224,0.7711111111111111,0.4950177777777778,0.23555555555555557,0.7529166666666666,-0.0029111111111111035,-0.3928055555555555,0.3441388888888886
F5,MonkeyB_Session10,Object3,Event1,0.4688888888888889,0.5022222222222222,0.033333333333333326,0.6007984031936128,0.4870259481037924,0.42714570858283435,500,0,10,10,50,0.49936,0.2397777777777778,0.7456111111111111,0.5008622222222223,0.24666666666666667,0.754722222222222,0.0015022222222222156,-0.3545,0.37227777777777776
F5,MonkeyB_Session10,Object3,Event3,0.6222222222222222,0.8022222222222222,0.17999999999999994,0.1996007984031936,0.003992015968063872,0.14770459081836326,500,0,40,40,70,0.5078177777777778,0.2565,0.7623333333333333,0.5023333333333334,0.24888888888888888,0.7379999999999999,-0.005484444444444449,-0.35122222222222216,0.32899999999999996
F5,MonkeyB_Session11,Object1,Event1,0.8516666666666667,0.5666666666666668,-0.2849999999999999,0.001996007984031936,0.3413173652694611,0.9441117764471058,500,0,10,10,50,0.5056222222222223,0.23081944444444444,0.7358472222222222,0.49788000000000004,0.22222222222222227,0.7394722222222221,-0.007742222222222219,-0.3379861111111111,0.3321249999999999
F5,MonkeyB_Session11,Object1,Event3,0.45777777777777784,0.9966666666666666,0.5388888888888888,0.5968063872255489,0.001996007984031936,0.003992015968063872,500,0,40,40,70,0.48731111111111114,0.2142222222222222,0.7428055555555555,0.49763777777777785,0.24047222222222223,0.7344999999999999,0.010326666666666671,-0.3516944444444444,0.37783333333333335
F5,MonkeyB_Session11,Object2,Event1,0.2244444444444445,0.6977777777777778,0.47333333333333333,0.9840319361277445,0.06786427145708583,0.005988023952095809,500,0,10,10,50,0.5078355555555556,0.23333333333333336,0.7406388888888887,0.5025644444444445,0.25333333333333335,0.749,-0.0052711111111111006,-0.369,0.3640277777777776
F5,MonkeyB_Session11,Object2,Event3,0.5800000000000001,0.9733333333333334,0.3933333333333333,0.2435129740518962,0.001996007984031936,0.005988023952095809,500,0,40,40,70,0.49208444444444444,0.23438888888888892,0.7233888888888887,0.4933155555555556,0.22105555555555556,0.7445555555555555,0.0012311111111111028,-0.33238888888888884,0.3244444444444445
F5,MonkeyB_Session11,Object3,Event1,0.6466666666666667,0.56,-0.08666666666666667,0.15169660678642716,0.2954091816367265,0.6227544910179641,500,0,10,10,50,0.5047488888888889,0.2455,0.7522222222222221,0.49072444444444446,0.23977777777777778,0.7378888888888888,-0.014024444444444449,-0.37625000000000003,0.35524999999999984
F5,MonkeyB_Session11,Object3,Event3,0.53,0.9533333333333333,0.42333333333333323,0.4031936127744511,0.003992015968063872,0.011976047904191617,500,0,40,40,70,0.49979555555555555,0.24611111111111117,0.7651388888888888,0.4985822222222222,0.22994444444444445,0.7523888888888887,-0.0012133333333333338,-0.38169444444444445,0.37063888888888874
F5,MonkeyB_Session12,Object1,Event1,0.5355555555555556,0.528888888888889,-0.006666666666666599,0.4251497005988024,0.4870259481037924,0.5389221556886228,500,0,10,10,50,0.5022066666666667,0.2455,0.7533888888888889,0.5094844444444445,0.23322222222222225,0.7389444444444444,0.0072777777777777684,-0.3589444444444444,0.3416944444444444
F5,MonkeyB_Session12,Object1,Event3,0.6711111111111111,0.9822222222222223,0.3111111111111112,0.08982035928143713,0.001996007984031936,0.0499001996007984,500,0,40,40,70,0.49588888888888893,0.24527777777777782,0.7522777777777777,0.504688888888889,0.23544444444444446,0.7522777777777777,0.008800000000000006,-0.3391666666666667,0.35344444444444434
F5,MonkeyB_Session12,Object2,Event1,0.6022222222222223,0.46,-0.1422222222222223,0.2055888223552894,0.6207584830339321,0.7784431137724551,500,0,10,10,50,0.487,0.20994444444444446,0.7368333333333332,0.5002666666666667,0.2288888888888889,0.7512222222222222,0.01326666666666666,-0.3635000000000001,0.40277777777777735
F5,MonkeyB_Session12,Object2,Event3,0.4866666666666667,0.831111111111111,0.34444444444444433,0.5249500998003992,0.007984031936127744,0.04790419161676647,500,0,40,40,70,0.4912755555555556,0.20666666666666664,0.7555555555555556,0.50728,0.2488888888888889,0.7522777777777776,0.016004444444444453,-0.35355555555555557,0.3923888888888888
F5,MonkeyB_Session12,Object3,Event1,0.7022222222222223,0.5755555555555556,-0.1266666666666667,0.05389221556886228,0.3313373253493014,0.7544910179640718,500,0,10,10,50,0.5001511111111112,0.2455,0.749,0.5058755555555556,0.24994444444444447,0.7534444444444444,0.00572444444444445,-0.3546111111111112,0.33344444444444443
F5,MonkeyB_Session12,Object3,Event3,0.6866666666666668,0.8222222222222222,0.13555555555555543,0.07584830339321358,0.005988023952095809,0.2694610778443114,500,0,40,40,70,0.49992,0.23333333333333336,0.7444444444444446,0.5063822222222223,0.23766666666666666,0.7577777777777778,0.006462222222222218,-0.3859444444444443,0.414722222222222
F5,MonkeyC_Session02,Object1,Event1,0.5911111111111111,0.37888888888888894,-0.2122222222222222,0.2554890219560878,0.810379241516966,0.8702594810379242,500,0,10,10,50,0.49705111111111117,0.2170277777777778,0.7400555555555555,0.5086311111111111,0.24994444444444447,0.7550833333333333,0.011580000000000002,-0.3684166666666667,0.3884166666666666
F5,MonkeyC_Session02,Object1,Event3,0.5733333333333334,0.6477777777777779,0.07444444444444454,0.3532934131736527,0.15568862275449102,0.34331337325349304,500,0,40,40,70,0.5112333333333333,0.24333333333333332,0.7518055555555554,0.5061088888888888,0.23333333333333334,0.7512222222222221,-0.005124444444444457,-0.36461111111111116,0.3505833333333332
F5,MonkeyC_Session02,Object2,Event1,0.5755555555555556,0.3844444444444445,-0.19111111111111112,0.3373253493013972,0.7425149700598802,0.8343313373253493,500,0,10,10,50,0.5061866666666667,0.25333333333333335,0.7545,0.4875933333333333,0.21100000000000002,0.7434999999999998,-0.018593333333333333,-0.3718055555555555,0.3395277777777776
F5,MonkeyC_Session02,Object2,Event3,0.22555555555555556,0.7577777777777777,0.5322222222222222,0.9820359281437125,0.02594810379241517,0.003992015968063872,500,0,40,40,70,0.49698222222222227,0.23438888888888892,0.7539166666666667,0.5049511111111111,0.22655555555555557,0.7500555555555554,0.007968888888888893,-0.39555555555555555,0.41058333333333324
F5,MonkeyC_Session02,Object3,Event1,0.5911111111111113,0.5844444444444444,-0.006666666666666821,0.25149700598802394,0.30538922155688625,0.49700598802395207,500,0,10,10,50,0.5091955555555556,0.25333333333333335,0.7534444444444444,0.4978311111111111,0.22538888888888892,0.7301666666666664,-0.011364444444444448,-0.39450000000000013,0.3444444444444445
F5,MonkeyC_Session02,Object3,Event3,0.18666666666666665,0.8388888888888889,0.6522222222222223,1.0,0.007984031936127744,0.001996007984031936,500,0,40,40,70,0.4919688888888889,0.24666666666666667,0.745611111111111,0.5169955555555557,0.231,0.7568333333333332,0.025026666666666662,-0.34794444444444445,0.41672222222222216
F5,MonkeyC_Session06,Object1,Event1,0.47,0.4100000000000001,-0.05999999999999989,0.6147704590818364,0.7544910179640718,0.624750499001996,500,0,10,10,50,0.5019266666666666,0.25991666666666674,0.7142083333333332,0.5016700000000001,0.28912499999999997,0.740875,-0.00025666666666666416,-0.29254166666666664,0.3160416666666665
F5,MonkeyC_Session06,Object1,Event3,0.49166666666666664,0.6966666666666668,0.20500000000000013,0.530938123752495,0.05389221556886228,0.10179640718562874,500,0,40,40,70,0.4985933333333334,0.26579166666666665,0.7409583333333333,0.49794,0.24912499999999999,0.7169166666666664,-0.0006533333333333315,-0.31937499999999996,0.3425416666666666
F5,MonkeyC_Session06,Object2,Event1,0.5383333333333333,0.7000000000000002,0.16166666666666685,0.37524950099800397,0.059880239520958084,0.20758483033932135,500,0,10,10,50,0.4965966666666667,0.25983333333333336,0.738583333333333,0.5133766666666667,0.27499999999999997,0.74,0.01678,-0.3317499999999999,0.340875
F5,MonkeyC_Session06,Object2,Event3,0.4916666666666667,0.7066666666666666,0.21499999999999986,0.5409181636726547,0.04590818363273453,0.07984031936127745,500,0,40,40,70,0.5014133333333334,0.24825,0.7325416666666666,0.4905666666666667,0.26158333333333333,0.7392083333333334,-0.010846666666666662,-0.3384166666666666,0.3177916666666664
F5,MonkeyC_Session06,Object3,Event1,0.6783333333333332,0.37166666666666665,-0.3066666666666666,0.06387225548902195,0.8682634730538922,0.9680638722554891,500,0,10,10,50,0.49762333333333336,0.27070833333333333,0.7375416666666667,0.5078433333333333,0.27825000000000005,0.7442083333333332,0.010219999999999998,-0.32341666666666674,0.30341666666666656
F5,MonkeyC_Session06,Object3,Event3,0.6733333333333335,0.5666666666666667,-0.1066666666666668,0.07584830339321358,0.27345309381237526,0.7684630738522954,500,0,40,40,70,0.4906666666666667,0.247375,0.7475416666666665,0.4915233333333333,0.23658333333333337,0.7250833333333332,0.0008566666666666616,-0.2866666666666666,0.2919166666666666
F5,MonkeyC_Session08,Object1,Event1,0.3816666666666667,0.5466666666666666,0.16499999999999992,0.8283433133732535,0.36926147704590817,0.18962075848303392,500,0,10,10,50,0.4957033333333334,0.25745833333333334,0.7225416666666666,0.5032533333333333,0.26666666666666666,0.7267499999999998,0.007550000000000004,-0.3334166666666667,0.3626249999999999
F5,MonkeyC_Session08,Object1,Event3,0.6116666666666667,0.8333333333333335,0.2216666666666668,0.2055888223552894,0.007984031936127744,0.1217564870259481,500,0,40,40,70,0.4955366666666667,0.23833333333333337,0.740875,0.50487,0.25404166666666667,0.7508750000000001,0.009333333333333336,-0.3465416666666666,0.36008333333333326
F5,MonkeyC_Session08,Object2,Event1,0.30000000000000004,0.5733333333333335,0.27333333333333343,0.9341317365269461,0.26147704590818366,0.04790419161676647,500,0,10,10,50,0.49861333333333335,0.24658333333333332,0.7259583333333333,0.4979133333333334,0.26079166666666664,0.7183333333333334,-0.000700000000000006,-0.3076250000000001,0.343291666666666
F5,MonkeyC_Session08,Object2,Event3,0.5483333333333335,0.785,0.23666666666666658,0.36726546906187624,0.007984031936127744,0.0998003992015968,500,0,40,40,70,0.49849333333333334,0.23991666666666672,0.7416666666666667,0.49929666666666667,0.2574583333333333,0.7342083333333332,0.0008033333333333328,-0.3284166666666667,0.3537499999999996
F5,MonkeyC_Session08,Object3,Event1,0.35999999999999993,0.31500000000000006,-0.04499999999999987,0.872255489021956,0.9261477045908184,0.590818363273453,500,0,10,10,50,0.5019166666666667,0.24825000000000003,0.7126250000000001,0.5014766666666668,0.24245833333333336,0.7450000000000002,-0.00044000000000000305,-0.34087500000000004,0.3616666666666668
F5,MonkeyC_Session08,Object3,Event3,0.65,0.8833333333333334,0.2333333333333334,0.12574850299401197,0.001996007984031936,0.0658682634730539,500,0,40,40,70,0.5096766666666667,0.2748333333333333,0.750875,0.4925966666666667,0.2381666666666667,0.7109583333333334,-0.017079999999999994,-0.3650000000000001,0.3075416666666666
F5,MonkeyC_Session09,Object1,Event1,0.26666666666666666,0.5077777777777778,0.2411111111111111,0.9540918163672655,0.49101796407185627,0.08982035928143713,500,0,10,10,50,0.5055422222222222,0.24222222222222223,0.7311111111111112,0.4982488888888889,0.24772222222222223,0.7411666666666665,-0.007293333333333331,-0.33344444444444443,0.32561111111111113
F5,MonkeyC_Session09,Object1,Event3,0.6533333333333333,0.7022222222222222,0.04888888888888887,0.1157684630738523,0.043912175648702596,0.3652694610778443,500,0,40,40,70,0.4996933333333334,0.24222222222222226,0.7344999999999999,0.48895111111111117,0.2365,0.7389444444444444,-0.01074222222222222,-0.32361111111111107,0.29555555555555557
F5,MonkeyC_Session09,Object2,Event1,0.24,0.6777777777777778,0.4377777777777778,0.9880239520958084,0.07984031936127745,0.007984031936127744,500,0,10,10,50,0.49344000000000005,0.25766666666666665,0.7533333333333334,0.49364444444444444,0.2177777777777778,0.740111111111111,0.00020444444444444798,-0.36561111111111105,0.34783333333333327
F5,MonkeyC_Session09,Object2,Event3,0.6533333333333333,0.8422222222222223,0.188888888888889,0.10379241516966067,0.003992015968063872,0.17964071856287425,500,0,40,40,70,0.4895066666666667,0.24655555555555556,0.7534444444444444,0.5014177777777779,0.22877777777777783,0.7633888888888889,0.011911111111111108,-0.3288888888888889,0.3578888888888888
F5,MonkeyC_Session09,Object3,Event1,0.4444444444444445,0.6155555555555556,0.17111111111111116,0.6686626746506986,0.20159680638722555,0.18762475049900199,500,0,10,10,50,0.4951333333333333,0.22994444444444448,0.7356666666666666,0.4909866666666667,0.23111111111111113,0.7479444444444443,-0.004146666666666676,-0.3288888888888889,0.3567222222222221
F5,MonkeyC_Session09,Object3,Event3,0.7377777777777778,0.7088888888888889,-0.028888888888888853,0.027944111776447105,0.06387225548902195,0.5528942115768463,500,0,40,40,70,0.5064888888888889,0.2333333333333333,0.7377777777777776,0.4972844444444445,0.21883333333333335,0.7522777777777777,-0.009204444444444447,-0.3813888888888889,0.34561111111111115
F5,MonkeyC_Session10,Object1,Event1,0.6755555555555556,0.4622222222222222,-0.21333333333333337,0.08582834331337326,0.5968063872255489,0.8862275449101796,500,0,10,10,50,0.5056044444444445,0.26988888888888896,0.7450833333333332,0.49231111111111114,0.23661111111111113,0.7500555555555555,-0.01329333333333333,-0.3428055555555555,0.3046666666666665
F5,MonkeyC_Session10,Object1,Event3,0.6177777777777779,0.5577777777777778,-0.06000000000000005,0.19760479041916168,0.3413173652694611,0.624750499001996,500,0,40,40,70,0.4974177777777778,0.2229444444444445,0.7591666666666664,0.5013022222222222,0.22527777777777783,0.7423333333333332,0.0038844444444444412,-0.363388888888889,0.3400000000000001
F5,MonkeyC_Session10,Object2,Event1,0.5322222222222223,0.46,-0.07222222222222224,0.4111776447105788,0.6007984031936128,0.6047904191616766,500,0,10,10,50,0.5024955555555556,0.2532777777777778,0.73725,0.4905244444444445,0.2622222222222222,0.748888888888889,-0.01197111111111111,-0.3612222222222223,0.3795277777777777
F5,MonkeyC_Session10,Object2,Event3,0.5411111111111111,0.5666666666666668,0.025555555555555665,0.36127744510978044,0.30538922155688625,0.43912175648702595,500,0,40,40,70,0.4948355555555556,0.23777777777777775,0.7468333333333331,0.49328444444444447,0.242,0.7533333333333334,-0.0015511111111111099,-0.3457222222222222,0.33619444444444446
F5,MonkeyC_Session10,Object3,Event1,0.6088888888888889,0.738888888888889,0.13000000000000012,0.23952095808383234,0.05389221556886228,0.23552894211576847,500,0,10,10,50,0.5031866666666666,0.25380555555555556,0.7544444444444445,0.4994955555555555,0.24136111111111117,0.7700555555555554,-0.0036911111111111146,-0.3495277777777779,0.3783611111111111
F5,MonkeyC_Session10,Object3,Event3,0.7622222222222222,0.7444444444444445,-0.01777777777777778,0.029940119760479042,0.029940119760479042,0.5568862275449101,500,0,40,40,70,0.49765333333333345,0.25883333333333336,0.7656111111111111,0.49949333333333334,0.2377777777777778,0.7444444444444445,0.0018400000000000033,-0.3624444444444444,0.3668888888888887
F5,MonkeyC_Session11,Object1,Event1,0.5955555555555556,0.548888888888889,-0.046666666666666634,0.21956087824351297,0.3532934131736527,0.5968063872255489,500,0,10,10,50,0.4901688888888889,0.21602777777777782,0.7206388888888888,0.4925377777777778,0.21988888888888888,0.7633888888888888,0.0023688888888888852,-0.3513333333333334,0.36613888888888885
F5,MonkeyC_Session11,Object1,Event3,0.528888888888889,0.6977777777777778,0.16888888888888887,0.4411177644710579,0.05588822355289421,0.17165668662674652,500,0,40,40,70,0.5001644444444445,0.23766666666666672,0.7545000000000001,0.4938488888888889,0.23661111111111113,0.7466666666666667,-0.00631555555555555,-0.3478333333333332,0.33016666666666644
F5,MonkeyC_Session11,Object2,Event1,0.3977777777777778,0.8666666666666666,0.4688888888888888,0.7764471057884231,0.001996007984031936,0.005988023952095809,500,0,10,10,50,0.5018888888888889,0.22222222222222224,0.7580555555555555,0.5036666666666667,0.2255,0.74,0.0017777777777777813,-0.3828611111111112,0.3689999999999999
F5,MonkeyC_Session11,Object2,Event3,0.4577777777777778,0.7888888888888889,0.3311111111111111,0.6127744510978044,0.007984031936127744,0.013972055888223553,500,0,40,40,70,0.4972222222222223,0.2511111111111111,0.7433888888888888,0.5101466666666666,0.26222222222222225,0.7300555555555555,0.012924444444444442,-0.31777777777777794,0.3089999999999998
F5,MonkeyC_Session11,Object3,Event1,0.6866666666666669,0.4711111111111111,-0.21555555555555578,0.0718562874251497,0.5708582834331337,0.8243512974051896,500,0,10,10,50,0.4977088888888889,0.23761111111111116,0.7605833333333334,0.4849422222222223,0.2077222222222222,0.74,-0.012766666666666662,-0.4023333333333333,0.38852777777777764
F5,MonkeyC_Session11,Object3,Event3,0.5422222222222222,0.5888888888888889,0.046666666666666745,0.4151696606786427,0.2714570858283433,0.43313373253493015,500,0,40,40,70,0.4972133333333333,0.22983333333333333,0.7577777777777779,0.5008222222222223,0.23544444444444443,0.7300555555555555,0.003608888888888883,-0.37133333333333335,0.3411666666666666
F5,MonkeyC_Session12,Object1,Event1,0.6,0.4844444444444445,-0.11555555555555547,0.25349301397205587,0.5409181636726547,0.718562874251497,500,0,10,10,50,0.50512,0.25438888888888894,0.7389444444444444,0.4918577777777778,0.21183333333333335,0.7322777777777778,-0.01326222222222222,-0.35777777777777775,0.3434999999999998
F5,MonkeyC_Session12,Object1,Event3,0.47555555555555556,0.6266666666666667,0.15111111111111114,0.5608782435129741,0.16966067864271456,0.18762475049900199,500,0,40,40,70,0.5011155555555556,0.23322222222222222,0.7923888888888887,0.4926577777777778,0.23544444444444448,0.7489999999999998,-0.008457777777777776,-0.3334444444444445,0.32677777777777767
F5,MonkeyC_Session12,Object2,Event1,0.2733333333333334,0.548888888888889,0.2755555555555556,0.9421157684630739,0.3373253493013972,0.07584830339321358,500,0,10,10,50,0.5025066666666667,0.22994444444444445,0.7367222222222223,0.4840755555555556,0.20877777777777778,0.7389444444444444,-0.018431111111111113,-0.39449999999999996,0.3678333333333332
F5,MonkeyC_Session12,Object2,Event3,0.46666666666666673,0.6000000000000001,0.13333333333333336,0.6227544910179641,0.22954091816367264,0.24750499001996007,500,0,40,40,70,0.4994266666666667,0.23555555555555555,0.7411666666666668,0.5017333333333334,0.2288888888888889,0.7536666666666664,0.0023066666666666704,-0.37672222222222224,0.3201111111111109
F5,MonkeyC_Session12,Object3,Event1,0.5533333333333333,0.7244444444444444,0.1711111111111111,0.36327345309381237,0.05389221556886228,0.17365269461077845,500,0,10,10,50,0.5009288888888889,0.2555555555555556,0.7567222222222221,0.4984355555555555,0.2488888888888889,0.7500555555555555,-0.002493333333333332,-0.37005555555555547,0.34011111111111103
F5,MonkeyC_Session12,Object3,Event3,0.18444444444444444,0.6244444444444445,0.44000000000000006,0.9940119760479041,0.16966067864271456,0.005988023952095809,500,0,40,40,70,0.4951066666666667,0.23333333333333336,0.7656111111111111,0.49524,0.23661111111111113,0.7544999999999998,0.00013333333333333198,-0.3411666666666667,0.3426666666666662
F6,MonkeyB_Session01,Object1,Event1,0.755,0.6700000000000002,-0.08499999999999985,0.01996007984031936,0.1157684630738523,0.716566866267465,500,0,10,10,50,0.4948666666666667,0.23570833333333335,0.725,0.5031133333333333,0.24070833333333336,0.7633333333333334,0.008246666666666666,-0.32341666666666674,0.33920833333333333
F6,MonkeyB_Session01,Object1,Event3,0.42500000000000004,0.935,0.51,0.6986027944111777,0.001996007984031936,0.003992015968063872,500,0,40,40,70,0.5051033333333333,0.259125,0.764458333333333,0.48897666666666667,0.22491666666666668,0.7475416666666667,-0.016126666666666664,-0.3483333333333334,0.3325416666666666
F6,MonkeyB_Session01,Object2,Event1,0.36166666666666664,0.6366666666666666,0.27499999999999997,0.8063872255489022,0.15169660678642716,0.08582834331337326,500,0,10,10,50,0.48862,0.2290416666666667,0.7625416666666667,0.48101,0.23745833333333333,0.7583333333333334,-0.00761,-0.38833333333333336,0.37
F6,MonkeyB_Session01,Object2,Event3,0.5066666666666667,0.9733333333333333,0.46666666666666656,0.49700598802395207,0.001996007984031936,0.005988023952095809,500,0,40,40,70,0.5108333333333334,0.25912500000000005,0.7792083333333334,0.48913333333333336,0.22245833333333334,0.7550833333333332,-0.021699999999999997,-0.35920833333333335,0.31508333333333327
F6,MonkeyB_Session01,Object3,Event1,0.545,0.6416666666666667,0.09666666666666668,0.3532934131736527,0.15169660678642716,0.29740518962075846,500,0,10,10,50,0.5018333333333334,0.22825000000000004,0.7692083333333334,0.5039733333333334,0.2515,0.76,0.00214,-0.33270833333333333,0.29587499999999994
F6,MonkeyB_Session01,Object3,Event3,0.71,0.9966666666666666,0.2866666666666666,0.059880239520958084,0.001996007984031936,0.06187624750499002,500,0,40,40,70,0.4912866666666667,0.23491666666666666,0.7566666666666667,0.4960833333333334,0.23158333333333334,0.7634166666666666,0.004796666666666664,-0.3450833333333333,0.3559583333333332
F6,MonkeyB_Session02,Object1,Event1,0.5383333333333333,0.5700000000000001,0.03166666666666673,0.4431137724550898,0.30538922155688625,0.3992015968063872,500,0,10,10,50,0.51461,0.23658333333333334,0.8025416666666666,0.48983,0.24579166666666669,0.7683333333333334,-0.024780000000000003,-0.3835,0.34312499999999957
F6,MonkeyB_Session02,Object1,Event3,0.5666666666666667,0.7116666666666666,0.1449999999999999,0.2894211576846307,0.0499001996007984,0.23353293413173654,500,0,40,40,70,0.49394000000000005,0.23825000000000002,0.76,0.49515333333333333,0.245,0.7475416666666667,0.0012133333333333312,-0.3509583333333333,0.38095833333333323
F6,MonkeyB_Session02,Object2,Event1,0.8349999999999999,0.46666666666666673,-0.3683333333333331,0.005988023952095809,0.564870259481038,0.9640718562874252,500,0,10,10,50,0.49649333333333334,0.254125,0.7542083333333334,0.4889,0.22333333333333336,0.7493749999999998,-0.007593333333333339,-0.3834166666666667,0.3319999999999997
F6,MonkeyB_Session02,Object2,Event3,0.61,0.49666666666666665,-0.11333333333333334,0.2055888223552894,0.5409181636726547,0.7385229540918163,500,0,40,40,70,0.5033866666666666,0.23833333333333334,0.7775416666666666,0.5008,0.23412499999999997,0.7609583333333333,-0.002586666666666669,-0.38858333333333334,0.3367499999999999
F6,MonkeyB_Session02,Object3,Event1,0.48499999999999993,0.5916666666666667,0.10666666666666674,0.5369261477045908,0.30538922155688625,0.32934131736526945,500,0,10,10,50,0.5019233333333334,0.2549166666666667,0.7927083333333332,0.5080866666666667,0.21166666666666667,0.7792083333333334,0.00616333333333333,-0.3785833333333334,0.3527083333333331
F6,MonkeyB_Session02,Object3,Event3,0.5033333333333334,0.7316666666666666,0.22833333333333317,0.5069860279441117,0.05588822355289421,0.12375249500998003,500,0,40,40,70,0.50229,0.22579166666666667,0.755875,0.5096133333333334,0.2549166666666667,0.7892083333333334,0.007323333333333327,-0.3325416666666667,0.38604166666666645
F6,MonkeyB_Session03,Object1,Event1,0.5066666666666667,0.30000000000000004,-0.20666666666666667,0.47305389221556887,0.9141716566866267,0.8702594810379242,500,0,10,10,50,0.4968366666666667,0.226375,0.7504375000000001,0.5071233333333334,0.23425000000000004,0.7818333333333333,0.010286666666666658,-0.36739583333333337,0.41341666666666654
F6,MonkeyB_Session03,Object1,Event3,0.49,0.98,0.49,0.5668662674650699,0.001996007984031936,0.005988023952095809,500,0,40,40,70,0.51375,0.23158333333333336,0.7884166666666665,0.48147,0.21895833333333334,0.7734166666666666,-0.032279999999999996,-0.42508333333333326,0.3676249999999999
F6,MonkeyB_Session03,Object2,Event1,0.48,0.4516666666666667,-0.028333333333333266,0.5209580838323353,0.5708582834331337,0.5169660678642715,500,0,10,10,50,0.49980333333333327,0.19745833333333335,0.7866666666666667,0.48773,0.22079166666666666,0.7951666666666666,-0.01207333333333333,-0.3835,0.38674999999999987
F6,MonkeyB_Session03,Object2,Event3,0.4683333333333334,0.5650000000000001,0.09666666666666668,0.6047904191616766,0.34331337325349304,0.3313373253493014,500,0,40,40,70,0.5008766666666666,0.21412499999999998,0.7825416666666667,0.5046033333333334,0.22991666666666666,0.795,0.0037266666666666668,-0.415,0.4200833333333332
F6,MonkeyB_Session03,Object3,Event1,0.4766666666666666,0.6783333333333332,0.2016666666666666,0.590818363273453,0.10978043912175649,0.16966067864271456,500,0,10,10,50,0.5144966666666667,0.24079166666666665,0.790875,0.5033033333333333,0.232375,0.760875,-0.011193333333333336,-0.4337499999999999,0.3676249999999999
F6,MonkeyB_Session03,Object3,Event3,0.4933333333333333,0.7950000000000002,0.30166666666666686,0.500998003992016,0.01996007984031936,0.10978043912175649,500,0,40,40,70,0.4944233333333333,0.20387500000000003,0.79675,0.5062033333333333,0.21570833333333334,0.7719166666666665,0.011779999999999997,-0.4105,0.43691666666666645
F6,MonkeyB_Session04,Object1,Event1,0.6899999999999998,0.7516666666666667,0.06166666666666687,0.07784431137724551,0.05189620758483034,0.4231536926147705,500,0,10,10,50,0.49665,0.2290416666666667,0.7451666666666665,0.5161733333333333,0.23991666666666667,0.7875416666666666,0.019523333333333334,-0.33375000000000005,0.3749999999999999
F6,MonkeyB_Session04,Object1,Event3,0.695,0.8383333333333334,0.14333333333333342,0.11776447105788423,0.003992015968063872,0.18762475049900199,500,0,40,40,70,0.5116166666666667,0.21912500000000001,0.7742083333333333,0.49195333333333324,0.23991666666666667,0.7725416666666667,-0.019663333333333335,-0.38675,0.3634166666666666
F6,MonkeyB_Session04,Object2,Event1,0.5183333333333333,0.3866666666666667,-0.1316666666666666,0.46706586826347307,0.7584830339321357,0.7445109780439122,500,0,10,10,50,0.5040733333333333,0.23325,0.7601666666666665,0.4998566666666666,0.23133333333333334,0.755875,-0.004216666666666669,-0.42270833333333324,0.3983333333333333
F6,MonkeyB_Session04,Object2,Event3,0.48333333333333334,0.7416666666666666,0.25833333333333325,0.5189620758483033,0.03992015968063872,0.08183632734530938,500,0,40,40,70,0.4922733333333334,0.22745833333333335,0.7877916666666664,0.48789666666666665,0.21079166666666665,0.7526249999999999,-0.004376666666666674,-0.3534166666666666,0.3417499999999999
F6,MonkeyB_Session04,Object3,Event1,0.28,0.6633333333333334,0.3833333333333334,0.9161676646706587,0.13572854291417166,0.03992015968063872,500,0,10,10,50,0.48983666666666664,0.209125,0.7575416666666666,0.5047566666666667,0.22404166666666667,0.7584166666666666,0.014920000000000004,-0.35595833333333327,0.4266666666666667
F6,MonkeyB_Session04,Object3,Event3,0.40666666666666673,0.8233333333333333,0.4166666666666665,0.7704590818363274,0.007984031936127744,0.015968063872255488,500,0,40,40,70,0.5047600000000001,0.23245833333333335,0.7692083333333333,0.49604999999999994,0.21975,0.7568333333333332,-0.00871,-0.39008333333333345,0.3742916666666664
F6,MonkeyB_Session05,Object1,Event1,0.725,0.725,0.0,0.08982035928143713,0.05189620758483034,0.43912175648702595,500,0,10,10,50,0.5124233333333333,0.20745833333333333,0.7903333333333331,0.48035,0.2,0.7716666666666667,-0.03207333333333333,-0.4485833333333333,0.37262499999999976
F6,MonkeyB_Session05,Object1,Event3,0.8316666666666666,0.7116666666666667,-0.11999999999999988,0.011976047904191617,0.06986027944111776,0.7405189620758483,500,0,40,40,70,0.48380333333333336,0.20491666666666664,0.7975416666666666,0.4991033333333333,0.2214166666666667,0.7700000000000001,0.015300000000000003,-0.3840833333333333,0.4184166666666666
F6,MonkeyB_Session05,Object2,Event1,0.7,0.5116666666666666,-0.18833333333333335,0.07385229540918163,0.49700598802395207,0.8323353293413174,500,0,10,10,50,0.48612333333333335,0.19991666666666666,0.7683333333333333,0.5033966666666666,0.22158333333333333,0.7459583333333333,0.017273333333333335,-0.391125,0.4118333333333332
F6,MonkeyB_Session05,Object2,Event3,0.81,0.6966666666666665,-0.11333333333333351,0.017964071856287425,0.059880239520958084,0.7045908183632734,500,0,40,40,70,0.48958333333333337,0.21887500000000001,0.7592083333333334,0.48425,0.20475000000000004,0.78175,-0.005333333333333335,-0.35920833333333335,0.36420833333333336
F6,MonkeyB_Session05,Object3,Event1,0.3416666666666666,0.8416666666666666,0.49999999999999994,0.8802395209580839,0.011976047904191617,0.005988023952095809,500,0,10,10,50,0.518935,0.23833333333333334,0.7983333333333333,0.49456,0.21570833333333334,0.7910416666666665,-0.024375,-0.41708333333333325,0.3698124999999998
F6,MonkeyB_Session05,Object3,Event3,0.5866666666666667,0.9149999999999998,0.32833333333333314,0.2954091816367265,0.005988023952095809,0.04790419161676647,500,0,40,40,70,0.5034866666666666,0.2522916666666667,0.792625,0.49186,0.21325000000000002,0.79675,-0.011626666666666665,-0.3835,0.3826249999999999
F6,MonkeyB_Session06,Object1,Event1,0.6058333333333333,0.4325,-0.17333333333333334,0.26746506986027946,0.6746506986027944,0.7624750499001997,500,0,10,10,50,0.5072433333333334,0.211375,0.7813541666666667,0.5024966666666667,0.19283333333333338,0.7941666666666667,-0.004746666666666657,-0.42174999999999996,0.4162708333333333
F6,MonkeyB_Session06,Object1,Event3,0.5533333333333333,0.725,0.17166666666666663,0.3592814371257485,0.04790419161676647,0.19760479041916168,500,0,40,40,70,0.501395,0.20579166666666665,0.7816666666666667,0.48681,0.2078125,0.7842083333333334,-0.014585000000000002,-0.40770833333333323,0.36841666666666656
F6,MonkeyB_Session06,Object2,Event1,0.4875,0.415,-0.07250000000000001,0.5389221556886228,0.7265469061876247,0.6447105788423154,500,0,10,10,50,0.49551666666666666,0.22539583333333332,0.7763125,0.50085,0.21833333333333332,0.7692083333333333,0.005333333333333332,-0.4216666666666667,0.40377083333333336
F6,MonkeyB_Session06,Object2,Event3,0.4616666666666667,0.7233333333333333,0.26166666666666655,0.5848303393213573,0.07385229540918163,0.09580838323353294,500,0,40,40,70,0.49378666666666665,0.22333333333333336,0.7967499999999998,0.50757,0.2495625,0.7905208333333332,0.01378333333333333,-0.3683333333333334,0.38429166666666653
F6,MonkeyB_Session06,Object3,Event1,0.6158333333333333,0.5883333333333333,-0.02750000000000008,0.24750499001996007,0.2894211576846307,0.5269461077844312,500,0,10,10,50,0.5115383333333333,0.2336041666666667,0.8068333333333332,0.4896466666666667,0.21833333333333335,0.7451666666666665,-0.021891666666666667,-0.435875,0.3776041666666662
F6,MonkeyB_Session06,Object3,Event3,0.3833333333333333,0.4850000000000001,0.1016666666666668,0.7744510978043913,0.5269461077844312,0.3153692614770459,500,0,40,40,70,0.49603,0.22333333333333333,0.7849999999999999,0.4962,0.21666666666666665,0.7800833333333332,0.00016999999999999681,-0.41175,0.34345833333333314
F6,MonkeyB_Session09,Object1,Event1,0.5883333333333334,0.4733333333333334,-0.11499999999999999,0.32335329341317365,0.6067864271457086,0.6846307385229541,500,0,10,10,50,0.5142133333333334,0.2290416666666667,0.7942083333333333,0.5017333333333334,0.19325000000000003,0.7677083333333331,-0.01248,-0.4125416666666666,0.40587499999999993
F6,MonkeyB_Session09,Object1,Event3,0.5216666666666667,0.8433333333333333,0.32166666666666655,0.5109780439121756,0.007984031936127744,0.07385229540918163,500,0,40,40,70,0.5057633333333333,0.19,0.78175,0.4920683333333334,0.19539583333333335,0.7716666666666667,-0.013695,-0.4568333333333333,0.3987708333333333
F6,MonkeyB_Session09,Object2,Event1,0.4683333333333334,0.53,0.06166666666666665,0.6586826347305389,0.4231536926147705,0.3592814371257485,500,0,10,10,50,0.5104783333333333,0.2049166666666667,0.785,0.4886266666666667,0.21166666666666667,0.7635833333333332,-0.021851666666666665,-0.4329791666666667,0.37420833333333325
F6,MonkeyB_Session09,Object2,Event3,0.7783333333333333,0.8616666666666666,0.08333333333333326,0.02594810379241517,0.007984031936127744,0.34331337325349304,500,0,40,40,70,0.4958766666666667,0.20658333333333334,0.7734999999999999,0.48863,0.19070833333333334,0.7818333333333332,-0.007246666666666668,-0.43208333333333326,0.4234166666666665
F6,MonkeyB_Session09,Object3,Event1,0.32,0.67,0.35000000000000003,0.8602794411177644,0.12974051896207583,0.03792415169660679,500,0,10,10,50,0.5094016666666668,0.2006666666666667,0.800875,0.49404999999999993,0.20158333333333334,0.7850833333333334,-0.01535166666666666,-0.4425,0.36512499999999987
F6,MonkeyB_Session09,Object3,Event3,0.815,0.9366666666666668,0.12166666666666681,0.01996007984031936,0.003992015968063872,0.2934131736526946,500,0,40,40,70,0.49539666666666665,0.21745833333333334,0.7803333333333331,0.4991633333333333,0.2,0.7777083333333331,0.003766666666666666,-0.3754166666666666,0.3625416666666665
F6,MonkeyB_Session10,Object1,Event1,0.59,0.44,-0.14999999999999997,0.23353293413173654,0.6686626746506986,0.8163672654690619,500,0,10,10,50,0.49689666666666665,0.23395833333333338,0.7683333333333334,0.50306,0.24237500000000003,0.7525416666666667,0.006163333333333335,-0.33008333333333334,0.3508749999999998
F6,MonkeyB_Session10,Object1,Event3,0.5816666666666667,0.7083333333333335,0.12666666666666682,0.2834331337325349,0.06986027944111776,0.2714570858283433,500,0,40,40,70,0.4947066666666666,0.22062500000000002,0.7333333333333334,0.49821666666666664,0.23658333333333334,0.7801666666666666,0.0035099999999999936,-0.36516666666666664,0.35254166666666664
F6,MonkeyB_Session10,Object2,Event1,0.29000000000000004,0.5944444444444446,0.3044444444444445,0.9640718562874252,0.2315369261477046,0.04590818363273453,500,0,10,10,50,0.4922755555555556,0.27644444444444444,0.7139722222222222,0.5027555555555556,0.27766666666666673,0.7628055555555555,0.010480000000000003,-0.3153611111111111,0.3448888888888885
F6,MonkeyB_Session10,Object2,Event3,0.6433333333333334,0.7722222222222221,0.12888888888888872,0.10978043912175649,0.015968063872255488,0.18962075848303392,500,0,40,40,70,0.5047244444444445,0.25983333333333336,0.7363055555555554,0.4948266666666667,0.2511111111111111,0.7277777777777777,-0.00989777777777778,-0.29666666666666663,0.3136666666666665
F6,MonkeyB_Session10,Object3,Event1,0.49666666666666665,0.6633333333333334,0.1666666666666668,0.5209580838323353,0.10379241516966067,0.17964071856287425,500,0,10,10,50,0.4946777777777778,0.25586111111111115,0.7057222222222221,0.50454,0.2688333333333333,0.7378888888888889,0.009862222222222224,-0.3273611111111111,0.32111111111111107
F6,MonkeyB_Session10,Object3,Event3,0.7566666666666667,0.9366666666666668,0.18000000000000005,0.015968063872255488,0.001996007984031936,0.14570858283433133,500,0,40,40,70,0.5007177777777778,0.26433333333333336,0.737361111111111,0.49855555555555553,0.2688888888888889,0.7461944444444444,-0.002162222222222229,-0.32391666666666663,0.33174999999999993
F6,MonkeyC_Session01,Object1,Event1,0.63,0.4966666666666667,-0.1333333333333333,0.20958083832335328,0.5389221556886228,0.7325349301397206,500,0,10,10,50,0.5018433333333333,0.199125,0.7727083333333331,0.50943,0.214125,0.7892083333333334,0.007586666666666668,-0.4367499999999999,0.43254166666666666
F6,MonkeyC_Session01,Object1,Event3,0.5216666666666667,0.655,0.1333333333333333,0.46506986027944114,0.17764471057884232,0.32335329341317365,500,0,40,40,70,0.48273333333333335,0.16579166666666664,0.7621666666666662,0.5053416666666667,0.21658333333333335,0.785875,0.02260833333333333,-0.38508333333333333,0.47087499999999993
F6,MonkeyC_Session01,Object2,Event1,0.5775,0.7516666666666667,0.1741666666666667,0.36726546906187624,0.043912175648702596,0.2055888223552894,500,0,10,10,50,0.5038966666666667,0.20206249999999998,0.78175,0.49155,0.22745833333333335,0.7927083333333332,-0.012346666666666657,-0.4093749999999999,0.43016666666666653
F6,MonkeyC_Session01,Object2,Event3,0.68,0.89,0.20999999999999996,0.11177644710578842,0.003992015968063872,0.1936127744510978,500,0,40,40,70,0.48236,0.16579166666666667,0.7567499999999999,0.48779999999999996,0.17079166666666667,0.7593749999999998,0.005439999999999998,-0.42524999999999996,0.4578749999999996
F6,MonkeyC_Session01,Object3,Event1,0.2833333333333333,0.64,0.3566666666666667,0.9121756487025948,0.1996007984031936,0.033932135728542916,500,0,10,10,50,0.5061083333333334,0.21597916666666667,0.805,0.5018233333333333,0.19816666666666669,0.7659583333333333,-0.004285000000000003,-0.417875,0.38002083333333286
F6,MonkeyC_Session01,Object3,Event3,0.5449999999999999,0.735,0.19000000000000006,0.36127744510978044,0.05788423153692615,0.21357285429141717,500,0,40,40,70,0.49228,0.19158333333333336,0.7934166666666664,0.5066933333333333,0.21745833333333334,0.7827083333333332,0.014413333333333334,-0.4385000000000001,0.4550833333333333
F6,MonkeyC_Session02,Object1,Event1,0.20833333333333337,0.9050000000000001,0.6966666666666668,0.9740518962075848,0.001996007984031936,0.001996007984031936,500,0,10,10,50,0.5013933333333334,0.2064166666666667,0.7942916666666666,0.49396,0.23499999999999996,0.7943749999999998,-0.007433333333333323,-0.39262499999999995,0.4142916666666665
F6,MonkeyC_Session02,Object1,Event3,0.44,0.9933333333333334,0.5533333333333335,0.6726546906187625,0.001996007984031936,0.005988023952095809,500,0,40,40,70,0.5071599999999999,0.23737500000000003,0.7925416666666667,0.48240666666666665,0.1874583333333333,0.7675416666666667,-0.024753333333333336,-0.45025000000000004,0.37841666666666657
F6,MonkeyC_Session02,Object2,Event1,0.5116666666666666,0.5716666666666668,0.060000000000000164,0.45109780439121755,0.313373253493014,0.3772455089820359,500,0,10,10,50,0.49911,0.24483333333333335,0.7809583333333333,0.49699333333333334,0.21325,0.7842916666666666,-0.0021166666666666747,-0.42104166666666665,0.3975416666666665
F6,MonkeyC_Session02,Object2,Event3,0.85,0.7966666666666665,-0.053333333333333455,0.011976047904191617,0.027944111776447105,0.5768463073852296,500,0,40,40,70,0.5035299999999999,0.21833333333333332,0.7794583333333331,0.49609000000000003,0.21325,0.787958333333333,-0.007439999999999998,-0.4187499999999999,0.41841666666666655
F6,MonkeyC_Session02,Object3,Event1,0.82,0.8116666666666668,-0.008333333333333193,0.00998003992015968,0.011976047904191617,0.47305389221556887,500,0,10,10,50,0.4998466666666667,0.22991666666666669,0.7716666666666666,0.4835566666666667,0.189125,0.7742083333333333,-0.01629,-0.3827083333333334,0.3877916666666664
F6,MonkeyC_Session02,Object3,Event3,0.4033333333333334,0.7166666666666667,0.3133333333333333,0.7604790419161677,0.0658682634730539,0.0499001996007984,500,0,40,40,70,0.5037433333333333,0.24333333333333332,0.7767499999999999,0.49330666666666667,0.205,0.7660416666666666,-0.010436666666666664,-0.3875416666666666,0.35420833333333335
F6,MonkeyC_Session05,Object1,Event1,0.4425,0.49083333333333334,0.04833333333333334,0.6726546906187625,0.5728542914171657,0.41916167664670656,500,0,10,10,50,0.5098316666666667,0.19983333333333336,0.7717499999999999,0.51192,0.22122916666666667,0.7842083333333334,0.0020883333333333366,-0.3863958333333334,0.3779375
F6,MonkeyC_Session05,Object1,Event3,0.3833333333333333,0.5066666666666667,0.1233333333333334,0.7564870259481038,0.5049900199600799,0.2774451097804391,500,0,40,40,70,0.5005116666666667,0.20062500000000003,0.7834166666666665,0.49991833333333335,0.20447916666666668,0.7644583333333331,-0.0005933333333333333,-0.415875,0.42520833333333313
F6,MonkeyC_Session05,Object2,Event1,0.1758333333333333,0.2633333333333333,0.0875,0.9940119760479041,0.9500998003992016,0.3712574850299401,500,0,10,10,50,0.51798,0.21575,0.7864791666666665,0.5200483333333334,0.2224583333333333,0.7733333333333334,0.002068333333333339,-0.44837499999999997,0.3971874999999999
F6,MonkeyC_Session05,Object2,Event3,0.6908333333333333,0.5016666666666666,-0.1891666666666667,0.11377245508982035,0.5528942115768463,0.8223552894211577,500,0,40,40,70,0.506035,0.22570833333333334,0.7692499999999998,0.5135566666666667,0.22495833333333334,0.7841666666666667,0.0075216666666666696,-0.3950000000000001,0.42508333333333326
F6,MonkeyC_Session05,Object3,Event1,0.4075000000000001,0.6533333333333334,0.24583333333333335,0.7305389221556886,0.1157684630738523,0.10778443113772455,500,0,10,10,50,0.5025649999999999,0.21789583333333332,0.7756458333333333,0.4902966666666666,0.22166666666666665,0.7310416666666666,-0.01226833333333333,-0.4362708333333333,0.3631458333333331
F6,MonkeyC_Session05,Object3,Event3,0.4091666666666666,0.455,0.04583333333333339,0.7065868263473054,0.6367265469061876,0.4550898203592814,500,0,40,40,70,0.497765,0.19333333333333336,0.7896875,0.5055783333333334,0.21245833333333333,0.8042083333333333,0.007813333333333332,-0.4183333333333334,0.3945416666666663
F6,MonkeyC_Session06,Object1,Event1,0.53,0.5000000000000001,-0.029999999999999916,0.47105788423153694,0.5189620758483033,0.5548902195608783,500,0,10,10,50,0.5068533333333334,0.23555555555555555,0.7684722222222221,0.49555333333333335,0.2338611111111111,0.7257222222222222,-0.0113,-0.37286111111111114,0.3429999999999994
F6,MonkeyC_Session06,Object1,Event3,0.43555555555555564,0.6622222222222223,0.22666666666666663,0.6866267465069861,0.1377245508982036,0.1157684630738523,500,0,40,40,70,0.4995644444444445,0.24994444444444447,0.7545,0.5007,0.23977777777777778,0.7589444444444445,0.0011355555555555557,-0.3256666666666667,0.3485277777777776
F6,MonkeyC_Session06,Object2,Event1,0.6133333333333334,0.6511111111111112,0.0377777777777778,0.21157684630738524,0.1437125748502994,0.43313373253493015,500,0,10,10,50,0.4942066666666667,0.22655555555555554,0.7523888888888888,0.5003955555555556,0.22222222222222224,0.7445555555555555,0.006188888888888893,-0.3767222222222222,0.3866666666666667
F6,MonkeyC_Session06,Object2,Event3,0.4177777777777778,0.6333333333333334,0.2155555555555556,0.7405189620758483,0.1996007984031936,0.13373253493013973,500,0,40,40,70,0.50646,0.2566111111111111,0.7433888888888888,0.50504,0.21766666666666667,0.7601111111111111,-0.0014200000000000005,-0.37238888888888894,0.3733888888888889
F6,MonkeyC_Session06,Object3,Event1,0.2977777777777778,0.58,0.28222222222222215,0.9261477045908184,0.29740518962075846,0.06387225548902195,500,0,10,10,50,0.5054688888888889,0.23088888888888892,0.7306944444444443,0.49830222222222226,0.22994444444444445,0.7389444444444443,-0.007166666666666665,-0.34455555555555556,0.35863888888888856
F6,MonkeyC_Session06,Object3,Event3,0.7066666666666669,0.6111111111111112,-0.09555555555555573,0.05189620758483034,0.19560878243512975,0.6846307385229541,500,0,40,40,70,0.4968288888888889,0.22772222222222224,0.7301666666666665,0.4923511111111111,0.2405277777777778,0.7256666666666666,-0.00447777777777778,-0.3556944444444444,0.34286111111111106
F6,MonkeyC_Session08,Object1,Event1,0.35333333333333344,0.5866666666666667,0.23333333333333323,0.8682634730538922,0.2754491017964072,0.10778443113772455,500,0,10,10,50,0.4972888888888889,0.23777777777777778,0.7355555555555555,0.5063466666666667,0.2576666666666667,0.7633888888888889,0.009057777777777781,-0.35461111111111104,0.3645555555555554
F6,MonkeyC_Session08,Object1,Event3,0.3244444444444444,0.32888888888888884,0.0044444444444444176,0.9121756487025948,0.906187624750499,0.5129740518962076,500,0,40,40,70,0.4991377777777778,0.23777777777777778,0.749,0.5134844444444445,0.2733333333333333,0.748888888888889,0.014346666666666667,-0.3211666666666666,0.36338888888888893
F6,MonkeyC_Session08,Object2,Event1,0.4888888888888889,0.6733333333333333,0.18444444444444447,0.5568862275449101,0.09580838323353294,0.15169660678642716,500,0,10,10,50,0.5054711111111111,0.24444444444444446,0.7467777777777777,0.4938222222222222,0.2521666666666667,0.7666666666666668,-0.011648888888888884,-0.3811666666666667,0.3591666666666664
F6,MonkeyC_Session08,Object2,Event3,0.4511111111111111,0.4955555555555556,0.04444444444444451,0.6387225548902196,0.5189620758483033,0.4091816367265469,500,0,40,40,70,0.4968044444444445,0.26105555555555554,0.7512222222222222,0.4985644444444445,0.23872222222222225,0.7401111111111109,0.0017599999999999998,-0.3333333333333333,0.3402222222222221
F6,MonkeyC_Session08,Object3,Event1,0.5700000000000001,0.5977777777777779,0.02777777777777779,0.28542914171656686,0.1996007984031936,0.437125748502994,500,0,10,10,50,0.49414222222222226,0.23766666666666666,0.7506944444444443,0.48568000000000006,0.2431666666666667,0.7334444444444443,-0.008462222222222215,-0.37799999999999995,0.319
F6,MonkeyC_Session08,Object3,Event3,0.5888888888888889,0.6866666666666668,0.09777777777777785,0.2435129740518962,0.07984031936127745,0.2874251497005988,500,0,40,40,70,0.507048888888889,0.2765,0.7078333333333333,0.5099377777777778,0.26,0.7333333333333334,0.002888888888888886,-0.3315555555555556,0.3167222222222222
